{"metrics/precision(B)": 0.9536172031938654, "metrics/recall(B)": 0.9276789475663607, "metrics/mAP50(B)": 0.9657171030729544, "metrics/mAP50-95(B)": 0.7670764707129013, "fitness": 0.7869405339489066}