{"metrics/precision(B)": 0.9443939905277989, "metrics/recall(B)": 0.823511271432744, "metrics/mAP50(B)": 0.9792264060262331, "metrics/mAP50-95(B)": 0.7946249538416168, "fitness": 0.8130850990600785}