{"metrics/precision(B)": 0.9660773915583035, "metrics/recall(B)": 0.9534617608756174, "metrics/mAP50(B)": 0.9845216981611643, "metrics/mAP50-95(B)": 0.8216026503923929, "fitness": 0.83789455516927}