{"metrics/precision(B)": 0.9425504314698827, "metrics/recall(B)": 0.9505354595117047, "metrics/mAP50(B)": 0.9754337248890902, "metrics/mAP50-95(B)": 0.7938888899307961, "fitness": 0.8120433734266255}