{
"metrics/precision(B)": 0.9639303231795218,
"metrics/recall(B)": 0.9442067487085758,
"metrics/mAP50(B)": 0.9806512534742521,
"metrics/mAP50-95(B)": 0.9130900588341294,
"fitness": 0.9198461782981416
}