{"metrics/precision(B)": 0.9338173380436464, "metrics/recall(B)": 0.9293795851014108, "metrics/mAP50(B)": 0.9624814193378369, "metrics/mAP50-95(B)": 0.7696116406674829, "fitness": 0.7888986185345184}