{"metrics/precision(B)": 0.8539289815167898, "metrics/recall(B)": 0.8374314063098572, "metrics/mAP50(B)": 0.8638612451877439, "metrics/mAP50-95(B)": 0.725377019088352, "fitness": 0.7392254416982912}