{"metrics/precision(B)": 0.9504908822911463, "metrics/recall(B)": 0.9488006565690272, "metrics/mAP50(B)": 0.9726037296598161, "metrics/mAP50-95(B)": 0.796356195161446, "fitness": 0.813980948611283}