{"metrics/precision(B)": 0.9510595424702378, "metrics/recall(B)": 0.9686357350248401, "metrics/mAP50(B)": 0.9859595456258182, "metrics/mAP50-95(B)": 0.8389802090117107, "fitness": 0.8536781426731215}